file,lat,lon,time,caption
river-lochy-out.jpg,,,2026-09-13 09:53:13,"Wading the River Lochy on the way out, about knee high"
eas-daimh-lower-falls.jpg,,,2026-09-13 10:22:56,The lower falls of the Eas Daimh
footbridge.jpg,,,2026-09-13 10:40:21,Kathleen looking at the Eas Daimh from the footbridge at the top of the forest
nw-ridge-in-cloud.jpg,,,2026-09-13 12:39:54,The north-west ridge of Ben Lui disappearing into the cloud
view-from-ben-lui.jpg,,,2026-09-13 13:20:00,"Looking down from just below the summit of Ben Lui, at the macaroni pie stop"
beinn-a-chleibh-summit.jpg,,,2026-09-13 14:20:07,"Beinn a' Chlèibh summit, Ben Lui behind"
ben-lui-from-beinn-a-chleibh.jpg,,,2026-09-13 14:20:16,"Ben Lui from Beinn a' Chlèibh, cloud finally lifting"
fly-agaric.jpg,,,2026-09-13 15:41:44,Fly agaric on the way back down through the forest
railway-bridge.jpg,,,2026-09-13 10:05:00,"The railway bridge, with the burn running through the underpass (photo taken on the way back)"
under-the-railway.jpg,,,2026-09-13 10:05:10,"Under the railway: the burn goes through, and so do you (photo taken on the way back)"
river-lochy-back.jpg,,,2026-09-13 16:44:24,"The River Lochy on the return, a shallower crossing at calf height on hobbits"
looking-back.jpg,,,2026-09-13 16:46:24,"Looking back up Glen Lochy from the car, hills now in sunshine"
eas-daimh-waterfall.jpg,,,2026-09-13 10:48:43,"Eas Daimh, the big waterfall"
forest-adventure.jpg,,,2026-09-13 15:30:00,The forest adventure that avoids the bog (position approximate)
